currency,rate_date,rate_to_usd
USD,2024-01-01,1.0
USD,2024-02-01,1.0
USD,2024-03-01,1.0
USD,2024-04-01,1.0
USD,2024-05-01,1.0
USD,2024-06-01,1.0
EUR,2024-01-01,1.0809
EUR,2024-02-01,1.0747
EUR,2024-03-01,1.0657
EUR,2024-04-01,1.0812
EUR,2024-05-01,1.0668
EUR,2024-06-01,1.0573
GBP,2024-01-01,1.287
GBP,2024-02-01,1.2973
GBP,2024-03-01,1.3076
GBP,2024-04-01,1.2993
GBP,2024-05-01,1.2845
GBP,2024-06-01,1.2844
BRL,2024-01-01,0.1996
BRL,2024-02-01,0.1974
BRL,2024-03-01,0.1976
BRL,2024-04-01,0.196
BRL,2024-05-01,0.1963
BRL,2024-06-01,0.1973