player_id,signup_date,country,primary_game_id,status,updated_at
P100001,2022-07-17,BR,G003,active,2023-05-09 00:00:00
P100002,2023-06-25,US,G004,active,2024-05-15 00:00:00
P100003,2023-01-01,BR,G012,active,2023-03-15 00:00:00
P100004,2022-11-15,EU,G008,active,2023-08-18 00:00:00
P100005,2023-01-21,EU,G002,inactive,2023-12-10 00:00:00
P100006,2024-01-02,UK,G007,inactive,2024-03-22 00:00:00
P100007,2023-09-13,EU,G013,active,2023-11-23 00:00:00
P100008,2023-02-25,EU,G018,active,2023-10-02 00:00:00
P100009,2023-11-04,UK,G005,active,2024-05-15 00:00:00
P100010,2022-11-11,US,G005,active,2024-01-17 00:00:00
P100011,2023-11-24,US,G015,active,2024-04-13 00:00:00
P100012,2023-12-02,US,G004,active,2024-06-15 00:00:00
P100013,2022-11-09,BR,G014,active,2023-08-05 00:00:00
P100014,2023-04-02,EU,G004,inactive,2023-12-17 00:00:00
P100015,2023-12-05,EU,G006,inactive,2024-04-18 00:00:00
P100016,2022-06-20,US,G016,active,2023-06-26 00:00:00
P100017,2024-01-02,BR,G008,inactive,2024-01-23 00:00:00
P100018,2022-10-07,UK,G018,active,2024-02-05 00:00:00
P100019,2023-01-03,EU,G014,inactive,2023-07-27 00:00:00
P100020,2023-08-23,BR,G012,inactive,2024-04-10 00:00:00
P100021,2023-05-13,US,G003,active,2024-02-20 00:00:00
P100022,2022-08-12,EU,G001,active,2022-10-11 00:00:00
P100023,2023-05-05,EU,G002,active,2023-09-03 00:00:00
P100024,2023-12-05,BR,G007,active,2024-04-29 00:00:00
P100025,2023-07-22,UK,G016,active,2023-09-09 00:00:00
P100026,2023-09-22,UK,G014,inactive,2023-10-19 00:00:00
P100027,2022-09-20,US,G011,active,2023-04-02 00:00:00
P100028,2023-03-13,UK,G006,active,2024-06-02 00:00:00
P100029,2022-09-09,US,G018,active,2024-03-15 00:00:00
P100030,2022-11-18,US,G008,active,2024-03-24 00:00:00
P100031,2022-11-16,EU,G002,active,2023-12-20 00:00:00
P100032,2023-03-20,BR,G015,active,2024-03-28 00:00:00
P100033,2023-01-09,UK,G010,inactive,2023-03-12 00:00:00
P100034,2023-10-28,BR,G016,inactive,2024-01-16 00:00:00
P100035,2022-12-08,US,G003,active,2023-02-15 00:00:00
P100036,2024-01-14,EU,G008,active,2024-06-20 00:00:00
P100037,2023-04-20,US,G017,inactive,2023-08-02 00:00:00
P100038,2022-10-13,BR,G013,active,2023-08-16 00:00:00
P100039,2022-06-10,UK,G003,active,2024-01-07 00:00:00
P100040,2023-11-01,US,G007,active,2024-04-27 00:00:00
P100041,2023-03-19,US,G012,active,2024-05-18 00:00:00
P100042,2022-06-09,BR,G017,active,2023-12-28 00:00:00
P100043,2022-10-16,BR,G004,active,2023-02-02 00:00:00
P100044,2023-05-18,EU,G007,active,2024-04-06 00:00:00
P100045,2022-07-23,BR,G009,active,2023-09-29 00:00:00
P100046,2022-10-12,BR,G011,active,2023-07-07 00:00:00
P100047,2023-08-12,EU,G018,active,2023-10-08 00:00:00
P100048,2023-12-11,US,G005,active,2024-03-14 00:00:00
P100049,2023-04-12,EU,G002,active,2024-05-23 00:00:00
P100050,2023-02-11,US,G007,active,2024-02-08 00:00:00
P100051,2023-01-29,UK,G005,inactive,2023-07-29 00:00:00
P100052,2023-07-27,UK,G011,active,2023-12-01 00:00:00
P100053,2023-06-27,BR,G004,inactive,2024-02-22 00:00:00
P100054,2023-05-25,EU,G015,active,2024-07-05 00:00:00
P100055,2023-07-14,EU,G007,active,2023-08-18 00:00:00
P100056,2023-07-15,BR,G017,active,2024-04-14 00:00:00
P100057,2023-02-23,BR,G004,active,2024-06-29 00:00:00
P100058,2023-05-20,BR,G014,active,2023-10-27 00:00:00
P100059,2022-09-27,UK,G017,active,2024-05-09 00:00:00
P100060,2022-06-02,EU,G014,active,2023-12-05 00:00:00
P100061,2023-05-05,EU,G003,active,2024-04-08 00:00:00
P100062,2023-11-02,US,G010,active,2024-05-29 00:00:00
P100063,2023-12-20,BR,G010,active,2024-04-05 00:00:00
P100064,2024-01-04,UK,G006,active,2024-05-23 00:00:00
P100065,2023-08-15,US,G007,active,2024-06-20 00:00:00
P100066,2023-01-05,BR,G015,active,2023-06-27 00:00:00
P100067,2022-09-04,US,G011,active,2023-05-02 00:00:00
P100068,2022-10-29,BR,G007,active,2023-07-06 00:00:00
P100069,2023-09-10,UK,G003,active,2024-06-30 00:00:00
P100070,2023-10-20,EU,G013,active,2024-01-03 00:00:00
P100071,2023-08-10,US,G004,active,2024-05-01 00:00:00
P100072,2022-10-03,UK,G008,active,2024-01-21 00:00:00
P100073,2023-10-30,BR,G015,active,2024-06-14 00:00:00
P100074,2023-09-04,EU,G016,active,2024-01-08 00:00:00
P100075,2023-10-10,BR,G017,active,2024-02-27 00:00:00
P100076,2023-01-27,UK,G010,active,2023-12-20 00:00:00
P100077,2023-06-28,US,G008,active,2024-06-23 00:00:00
P100078,2023-05-05,EU,G014,active,2023-12-03 00:00:00
P100079,2023-07-04,US,G014,inactive,2024-04-28 00:00:00
P100080,2023-10-02,US,G013,active,2024-03-30 00:00:00
P100081,2023-12-04,BR,G014,active,2024-04-21 00:00:00
P100082,2023-08-21,EU,G009,active,2024-03-07 00:00:00
P100083,2022-11-17,BR,G013,inactive,2023-03-27 00:00:00
P100084,2022-08-25,US,G001,active,2023-01-10 00:00:00
P100085,2023-06-24,UK,G009,active,2024-02-11 00:00:00
P100086,2023-03-12,BR,G013,active,2024-05-10 00:00:00
P100087,2023-09-25,UK,G003,active,2024-06-27 00:00:00
P100088,2023-01-16,US,G012,active,2023-02-26 00:00:00
P100089,2022-06-21,US,G007,active,2023-02-20 00:00:00
P100090,2023-12-30,EU,G004,inactive,2024-04-27 00:00:00
P100091,2022-09-26,BR,G006,active,2023-03-12 00:00:00
P100092,2023-04-16,BR,G001,active,2023-10-25 00:00:00
P100093,2022-08-17,UK,G007,active,2024-05-20 00:00:00
P100094,2022-10-02,EU,G010,active,2024-05-03 00:00:00
P100095,2023-06-15,US,G014,active,2024-05-11 00:00:00
P100096,2023-10-15,BR,G014,active,2024-04-17 00:00:00
P100097,2022-11-28,UK,G014,active,2023-08-31 00:00:00
P100098,2023-04-27,UK,G009,inactive,2024-06-25 00:00:00
P100099,2023-02-05,US,G015,active,2024-02-28 00:00:00
P100100,2022-12-04,BR,G011,active,2023-12-02 00:00:00
P100101,2023-12-22,BR,G009,active,2024-02-08 00:00:00
P100102,2023-10-14,US,G014,active,2024-02-14 00:00:00
P100103,2023-09-02,UK,G016,active,2023-10-19 00:00:00
P100104,2023-04-10,BR,G008,active,2023-10-15 00:00:00
P100105,2023-08-10,UK,G012,inactive,2024-05-17 00:00:00
P100106,2023-03-05,BR,G015,active,2023-07-01 00:00:00
P100107,2022-10-01,US,G011,active,2023-04-08 00:00:00
P100108,2023-03-11,EU,G016,active,2024-04-03 00:00:00
P100109,2023-03-31,BR,G007,active,2023-06-30 00:00:00
P100110,2022-10-08,BR,G018,active,2022-12-02 00:00:00
P100111,2023-10-16,BR,G005,active,2023-10-22 00:00:00
P100112,2023-05-15,BR,G015,active,2023-06-10 00:00:00
P100113,2022-09-25,BR,G016,inactive,2023-11-09 00:00:00
P100114,2022-11-03,UK,G002,active,2024-06-01 00:00:00
P100115,2022-09-30,BR,G008,active,2023-11-30 00:00:00
P100116,2023-09-05,EU,G013,inactive,2024-02-04 00:00:00
P100117,2022-09-10,UK,G002,inactive,2023-04-10 00:00:00
P100118,2022-11-08,EU,G003,active,2024-05-26 00:00:00
P100119,2023-09-05,US,G014,active,2024-05-02 00:00:00
P100120,2023-03-17,BR,G010,active,2023-11-04 00:00:00
P100121,2022-12-20,US,G009,active,2024-06-29 00:00:00
P100122,2022-10-24,EU,G009,active,2023-04-11 00:00:00
P100123,2023-08-24,BR,G010,active,2024-01-26 00:00:00
P100124,2023-12-05,UK,G017,active,2023-12-25 00:00:00
P100125,2023-02-12,US,G011,active,2023-10-04 00:00:00
P100126,2024-01-12,US,G009,active,2024-02-25 00:00:00
P100127,2023-03-12,UK,G015,active,2024-01-05 00:00:00
P100128,2022-09-02,UK,G016,active,2023-10-25 00:00:00
P100129,2022-11-12,BR,G004,active,2024-04-02 00:00:00
P100130,2023-12-16,BR,G013,active,2024-01-07 00:00:00
P100131,2023-07-19,BR,G004,inactive,2023-07-19 00:00:00
P100132,2023-11-13,UK,G007,active,2024-05-24 00:00:00
P100133,2022-12-26,UK,G002,active,2023-05-09 00:00:00
P100134,2022-10-03,BR,G016,active,2024-07-09 00:00:00
P100135,2023-12-17,EU,G010,active,2024-03-30 00:00:00
P100136,2023-09-16,US,G004,inactive,2023-12-03 00:00:00
P100137,2023-11-04,UK,G010,active,2024-02-18 00:00:00
P100138,2023-09-11,UK,G008,active,2024-03-25 00:00:00
P100139,2022-10-18,EU,G017,inactive,2023-07-27 00:00:00
P100140,2023-03-01,UK,G017,inactive,2023-07-23 00:00:00
P100141,2022-10-31,BR,G016,active,2024-03-09 00:00:00
P100142,2023-06-22,BR,G018,active,2023-12-03 00:00:00
P100143,2024-01-07,EU,G008,active,2024-04-21 00:00:00
P100144,2023-06-26,US,G016,active,2024-05-30 00:00:00
P100145,2022-10-08,EU,G002,active,2024-06-03 00:00:00
P100146,2022-09-11,BR,G015,active,2023-12-22 00:00:00
P100147,2022-11-06,US,G014,active,2023-08-04 00:00:00
P100148,2022-08-22,BR,G013,inactive,2024-07-12 00:00:00
P100149,2023-12-07,UK,G016,active,2023-12-24 00:00:00
P100150,2023-01-19,EU,G010,active,2024-04-07 00:00:00
P100151,2023-08-29,US,G004,active,2024-01-29 00:00:00
P100152,2023-03-28,US,G002,active,2023-11-03 00:00:00
P100153,2024-01-01,EU,G014,active,2024-02-16 00:00:00
P100154,2023-02-02,EU,G013,active,2023-06-28 00:00:00
P100155,2023-09-14,EU,G009,active,2023-09-18 00:00:00
P100156,2022-11-09,UK,G018,active,2023-10-28 00:00:00
P100157,2023-02-12,BR,G014,active,2023-12-18 00:00:00
P100158,2022-09-18,EU,G016,active,2024-04-25 00:00:00
P100159,2022-06-23,BR,G010,inactive,2024-04-27 00:00:00
P100160,2023-10-22,UK,G002,inactive,2024-03-16 00:00:00
P100161,2023-01-11,EU,G012,active,2023-09-24 00:00:00
P100162,2023-04-13,EU,G002,active,2023-04-30 00:00:00
P100163,2023-03-30,BR,G003,active,2023-10-28 00:00:00
P100164,2023-06-10,EU,G018,active,2023-10-27 00:00:00
P100165,2023-03-30,EU,G016,active,2023-09-19 00:00:00
P100166,2022-10-23,US,G003,active,2023-06-11 00:00:00
P100167,2023-06-10,UK,G018,active,2023-12-29 00:00:00
P100168,2023-09-09,US,G004,active,2024-01-21 00:00:00
P100169,2022-09-19,UK,G012,active,2024-01-14 00:00:00
P100170,2023-05-02,US,G018,inactive,2023-08-23 00:00:00
P100171,2023-04-06,US,G015,active,2023-06-04 00:00:00
P100172,2023-04-08,EU,G002,inactive,2023-06-06 00:00:00
P100173,2022-10-17,US,G018,active,2023-10-31 00:00:00
P100174,2023-07-30,UK,G005,active,2024-04-05 00:00:00
P100175,2022-07-04,UK,G009,active,2023-02-11 00:00:00
P100176,2023-06-07,UK,G008,active,2024-05-23 00:00:00
P100177,2022-08-02,BR,G012,active,2023-02-12 00:00:00
P100178,2022-09-02,US,G015,active,2024-06-20 00:00:00
P100179,2023-02-05,US,G011,inactive,2023-09-03 00:00:00
P100180,2022-12-30,US,G018,active,2023-08-25 00:00:00
P100181,2023-03-11,BR,G001,inactive,2023-05-24 00:00:00
P100182,2022-09-21,EU,G006,active,2022-10-17 00:00:00
P100183,2023-04-28,EU,G008,active,2023-09-10 00:00:00
P100184,2023-11-21,US,G014,active,2023-12-07 00:00:00
P100185,2023-11-08,UK,G012,active,2024-03-02 00:00:00
P100186,2023-11-16,EU,G002,active,2024-04-28 00:00:00
P100187,2023-07-17,US,G016,active,2023-09-10 00:00:00
P100188,2022-08-15,UK,G015,inactive,2023-07-10 00:00:00
P100189,2024-01-21,EU,G009,active,2024-04-13 00:00:00
P100190,2023-03-29,UK,G017,active,2024-02-01 00:00:00
P100191,2023-12-17,UK,G004,active,2024-02-10 00:00:00
P100192,2023-07-29,UK,G008,active,2024-03-17 00:00:00
P100193,2023-04-17,UK,G004,active,2024-03-22 00:00:00
P100194,2023-09-29,BR,G005,active,2023-11-11 00:00:00
P100195,2022-10-12,US,G012,active,2024-06-03 00:00:00
P100196,2023-05-29,BR,G014,inactive,2024-06-16 00:00:00
P100197,2023-03-22,UK,G002,active,2023-09-18 00:00:00
P100198,2022-11-06,US,G007,active,2023-06-23 00:00:00
P100199,2023-06-12,US,G018,active,2023-11-01 00:00:00
P100200,2023-12-23,EU,G018,active,2024-06-08 00:00:00